artist,type,gender,start_date
Taylor Swift,individual,female,1989
Drake,individual,male,1986
BTS,group,,2010
Bad Bunny,individual,male,1994
The Weeknd,individual,male,1990
Ariana Grande,individual,female,1993
Ed Sheeran,individual,male,1991
Post Malone,individual,male,1995
Lana Del Rey,individual,female,1985
Billie Eilish,individual,female,2001
Travis Scott,individual,male,1991
Justin Bieber,individual,male,1994
One Direction,group,,2010
Juice WRLD,individual,male,1998
Kanye West,individual,female,1977
Kendrick Lamar,individual,male,1987
XXXTENTACION,individual,male,1998
Imagine Dragons,group,,2008
J. Cole,individual,male,1985
Rihanna,individual,female,1988
J Balvin,individual,male,1985
Harry Styles,individual,male,1994
Twenty One Pilots,group,,2009
Eminem,individual,male,1972
Lil Uzi Vert,individual,female,1995
KAROL G,individual,female,1991
SZA,individual,female,1989
David Guetta,individual,male,1967
Kygo,individual,male,1991
Calvin Harris,individual,male,1984
Maluma,individual,male,1994
Mac Miller,individual,male,1992
Morgan Wallen,individual,male,1993
Shawn Mendes,individual,male,1998
Dua Lipa,individual,female,1995
"Tyler, The Creator",individual,male,1991
Bruno Mars,individual,male,1985
Nicki Minaj,individual,female,1982
Future,individual,male,
Beyoncé,individual,female,1981
BLACKPINK,group,,
Lil Peep,group,,1996
Rauw Alejandro,individual,male,1993
Doja Cat,individual,female,1995
Sam Smith,individual,female,1992
Frank Ocean,individual,male,1987
Daddy Yankee,individual,male,1977
Adele,individual,female,1988
Khalid,individual,male,1998
The Chainsmokers,group,,2014
Lady Gaga,individual,female,1986
Coldplay,group,,1997
Sia,individual,female,1975
Jason Derulo,individual,male,1989
Marília Mendonça,individual,female,1995
OneRepublic,group,,2002
Maroon 5,group,,1994
Pop Smoke,individual,male,1999
Bizarrap,individual,male,1998
The Neighbourhood,group,,2011
Lil Baby,individual,male,1994
NF,group,,
Chris Brown,individual,male,1989
Luke Combs,individual,male,1990
Banda MS de Sergio Lizárraga,,,
Katy Perry,individual,female,1984
Selena Gomez,individual,female,1992
Ozuna,individual,male,1992
Anuel AA,,,
Lorde,individual,female,1996
Trippie Redd,individual,male,1999
Playboi Carti,individual,male,1995
Nicky Jam,individual,male,1981
Metro Boomin,individual,male,1993
Camilo,group,,
Joji,individual,male,1992
Melanie Martinez,individual,female,1995
Halsey,group,,
21 Savage,individual,male,1992
Olivia Rodrigo,individual,female,2003
Morat,group,,
Avicii,group,,1989
Henrique & Juliano,group,,
$uicideboy$,,,
Pitbull,group,,
Machine Gun Kelly,group,,
Sebastian Yatra,individual,male,1994
TWICE,group,,2015
Peso Pluma,individual,male,1999
Tiësto,individual,male,1969
Polo G,individual,male,1999
The Kid LAROI,individual,male,2003
Alan Walker,individual,male,1997
Camila Cabello,individual,female,1997
Wiz Khalifa,individual,male,1987
Shakira,individual,female,1977
G-Eazy,individual,male,1989
Christian Nodal,individual,male,1999
Feid,individual,male,1992
Martin Garrix,individual,male,1996
DJ Khaled,individual,male,1975
Luke Bryan,individual,female,1976
A$AP Rocky,,,
Jorge & Mateus,group,,1982
Matheus & Kauan,group,,1994
Thomas Rhett,individual,female,1990
ZAYN,group,,
Lauv,individual,male,1994
Michael Bublé,individual,male,1975
The 1975,group,,1975
P!nk,,,
Little Mix,group,,2020
Demi Lovato,individual,female,1992
Zé Neto & Cristiano,,,
Grupo Firme,group,,2014
Florida Georgia Line,group,,2010
Logic,group,,
Marshmello,individual,female,1992
A Boogie Wit da Hoodie,individual,male,1995
Migos,group,,2008
Pritam,individual,male,1971
6ix9ine,,,
Reik,group,,2003
Ellie Goulding,individual,female,1986
Tame Impala,group,,
Panic! At The Disco,group,,2004
Bring Me The Horizon,group,,2004
Childish Gambino,individual,female,1983
Tory Lanez,individual,female,1992
Hozier,individual,female,1990
5 Seconds of Summer,group,,2011
Young Thug,individual,male,1991
Myke Towers,individual,male,1994
Linkin Park,group,,2017
Kodak Black,individual,male,1997
Lil Wayne,individual,male,1982
Tyga,individual,female,1989
James Arthur,individual,female,1988
Russ,group,,
Gusttavo Lima,individual,male,1989
Robin Schulz,individual,male,1987
Cardi B,individual,female,1992
Jack Harlow,individual,male,1998
ROSALÍA,individual,female,1992
Arctic Monkeys,group,,2002
DaBaby,individual,male,1991
Sech,group,,
Paulo Londra,individual,male,1998
Junior H,individual,male,2000
blackbear,group,,
Bryson Tiller,individual,male,1993
Prince Royce,individual,male,1989
Charlie Puth,individual,male,1991
Måneskin,group,,2016
Manuel Turizo,individual,male,2000
Rels B,individual,male,1993
Major Lazer,group,,2008
Zedd,individual,male,1989
Lewis Capaldi,individual,male,1996
TINI,group,,
Lil Tjay,individual,male,2001
Conan Gray,individual,male,1998
Becky G,individual,female,1997
YOASOBI,group,,2019
Lil Nas X,individual,male,1999
Fall Out Boy,group,,2001
Big Sean,individual,male,1988
Chance the Rapper,individual,male,1993
Piso 21,group,,
DJ Snake,,,
Rex Orange County,individual,female,1998
Tate McRae,,,
Farruko,individual,male,1991
Mac DeMarco,individual,male,1990
Lil Tecca,individual,male,2002
Megan Thee Stallion,individual,female,1995
Rae Sremmurd,group,,2013
Meghan Trainor,individual,female,1993
Alok,group,,
Jesse & Joy,group,,2005
Alfredo Olivas,individual,female,1994
Bazzi,group,,
Summer Walker,individual,female,1996
Hailee Steinfeld,individual,female,1996
Brent Faiyaz,individual,male,1995
Enrique Iglesias,individual,male,1975
Miley Cyrus,individual,female,1992
Fuerza Regida,group,,2023
PARTYNEXTDOOR,individual,male,1993
Sigala,individual,male,1992
Troye Sivan,individual,male,1995
Diplo,group,,1978
Labrinth,individual,male,1989
Natanael Cano,individual,male,2001
Meek Mill,individual,male,1987
Plan B,group,,
Gunna,group,,
Ava Max,individual,female,1994
LANY,group,,
Niall Horan,group,,1993
NewJeans,group,,1990
Lost Frequencies,individual,male,1993
Clean Bandit,group,,2008
Daniel Caesar,individual,male,1995
John Mayer,individual,male,1977
Chase Atlantic,group,,2014
Calibre 50,group,,2010
Chris Stapleton,individual,male,1978
Cartel De Santa,group,,1998
Alec Benjamin,individual,male,1994
Bebe Rexha,individual,female,1989
Duki,group,,
C. Tangana,individual,male,1990
alt-J,group,,2007
Lizzo,individual,female,1988
TOMORROW X TOGETHER,group,,2019
Wisin,individual,male,1979
AJR,group,,2005
Clairo,individual,female,1998
Fifth Harmony,group,,2016
Yeat,individual,male,2000
NAV,group,,
Gorillaz,group,,1998
The Lumineers,group,,2005
YNW Melly,,,
Guilherme & Benuto,,,
Dan + Shay,group,,
Eladio Carrion,individual,male,1994
Miguel,group,,
Dave,group,,
Galantis,group,,2017
Blake Shelton,individual,male,1976
Romeo Santos,individual,female,1981
James Bay,group,,
Roddy Ricch,individual,male,1998
La Adictiva,,,
Arcángel,individual,male,1985
Skrillex,individual,male,1988
Kesha,individual,female,1987
Matuê,,,
Lil Skies,individual,male,1998
2 Chainz,individual,male,1977
Luis Fonsi,individual,male,1978
Why Don't We,,,
Alessia Cara,individual,female,1996
Kehlani,individual,female,1995
Mumford & Sons,group,,2007
Lee Brice,individual,female,1979
EXO,group,,2011
Jonas Blue,individual,male,1989
Jhayco,individual,male,1993
Madison Beer,individual,female,1999
Kid Ink,individual,male,1986
Glass Animals,group,,2010
Nick Jonas,group,,1992
Don Omar,individual,male,1978
Jason Aldean,individual,male,1977
Stray Kids,group,,2017
Rod Wave,individual,male,1998
Vance Joy,individual,male,1987
Lil Yachty,individual,male,1997
NLE Choppa,,,
Sean Paul,individual,male,1973
H.E.R.,individual,female,1997
Red Velvet,group,,
Justin Quiles,individual,male,1990
Ty Dolla $ign,,,
Sabrina Carpenter,individual,female,1999
Anitta,group,,
George Ezra,individual,male,1993
Flo Rida,individual,male,1979
Mora,group,,
Jhené Aiko,group,,1988
Cole Swindell,individual,female,1983
Dean Lewis,individual,male,1987
Jess Glynne,individual,female,1989
Anne-Marie,individual,female,1991
NIKI,group,,
Kane Brown,individual,male,1993
PNL,,,
Steve Lacy,individual,male,1998
USHER,group,,
Mitski,individual,female,1990
Burna Boy,individual,male,1991
B.o.B,individual,male,1988
Maria Becerra,individual,female,2000
UZI,group,,1940
MARINA,group,,
Zara Larsson,individual,female,1997
Dalex,group,,1990
Birdy,group,,
Flume,group,,
Ninho,individual,male,1996
Rita Ora,individual,female,1990
Central Cee,individual,male,1998
ScHoolboy Q,individual,male,1986
benny blanco,individual,male,1988
Carlos Rivera,individual,male,1986
girl in red,individual,female,1999
Shubh,individual,male,1997
Alesso,individual,male,1991
Jessie J,individual,female,1988
Bastille,group,,1789
Kid Cudi,individual,male,1984
Jeremih,individual,male,1987
The Black Keys,group,,2001
Red Hot Chili Peppers,group,,1982
Kevin Gates,individual,male,1986
Quevedo,group,,
Jordan Davis,group,,
Baby Keem,individual,male,2000
Ben&Ben,group,,2017
El Fantasma,group,,
Old Dominion,group,,
Foster The People,group,,2009
Yandel,individual,male,1978
Juan Magán,individual,male,1978
Ski Mask The Slump God,individual,male,1996
Disclosure,group,,
Gustavo Mioto,individual,male,1997
Joel Corry,individual,male,1989
Jax Jones,individual,male,1987
Leslie Odom Jr.,individual,male,1981
JAY-Z,individual,male,1969
Stromae,individual,male,1985
Jeremy Zucker,individual,male,1996
Daft Punk,group,,1993
Luan Santana,individual,male,1991
John Legend,individual,male,1978
Julión Álvarez y su Norteño Banda,,,
MEDUZA,group,,2014
LE SSERAFIM,group,,2022
Ha*Ash,group,,2002
Grupo Marca Registrada,group,,2023
Five Finger Death Punch,group,,2005
Lunay,group,,
YoungBoy Never Broke Again,individual,male,1999
Carin Leon,group,,1989
ITZY,group,,2019
Os Barões Da Pisadinha,,,
Zé Felipe,individual,male,1998
24kGoldn,,,
The Vamps,group,,
Arijit Singh,individual,male,1987
Jonas Brothers,group,,2005
Giveon,individual,male,1995
Apache 207,individual,male,1997
Sleeping At Last,group,,2000
Black Eyed Peas,group,,2000
Ghostemane,individual,male,1991
Cage The Elephant,group,,2006
ENHYPEN,group,,2020
PinkPantheress,individual,female,2001
Tiago PZK,,,
Ryan Castro,individual,male,1994
Diego & Victor Hugo,,,
Israel & Rodolffo,,,
Kali Uchis,individual,female,1994
Avenged Sevenfold,group,,1999
Gerardo Ortiz,individual,female,1989
Vishal-Shekhar,group,,
Pablo Alborán,individual,male,1989
Danny Ocean,group,,
The Script,group,,2001
Lil Dicky,individual,male,1988
Lin-Manuel Miranda,individual,female,1980
KHEA,individual,male,2000
Andy Grammer,individual,male,1983
Swedish House Mafia,group,,2008
Ella Mai,individual,female,1994
Joyner Lucas,individual,male,1988
Mau y Ricky,,,
Nio Garcia,,,
IU,group,,
Tulus,group,,
Eric Church,individual,male,1977
Dermot Kennedy,individual,male,1991
Train,group,,
CNCO,group,,2021
Cali Y El Dandee,group,,2008
Florence + The Machine,group,,2007
Fetty Wap,individual,male,1991
aespa,group,,2020
Maná,group,,1981
Gryffin,individual,male,1987
Felix Jaehn,individual,male,2015
Rich Music LTD,,,
Rvssian,individual,female,1992
Alejandro Fernández,individual,male,1971
DNCE,group,,2015
Kungs,individual,male,1996
Jon Bellion,individual,male,1990
Aya Nakamura,individual,female,1995
Odetari,individual,male,2000
ANAVITÓRIA,group,,2015
Cuco,group,,
Noah Cyrus,individual,female,2000
Wisin & Yandel,group,,1990
Ofenbach,group,,
Los Ángeles Azules,group,,1950
Gucci Mane,individual,male,1980
A$AP Ferg,,,
Jon Pardi,individual,male,1985
Carlos Vives,individual,male,1961
Danna Paola,individual,female,1995
6LACK,individual,male,1992
Pharrell Williams,individual,male,1973
iann dior,individual,male,1999
V,group,,
James TW,,,
Cheat Codes,group,,
Zach Bryan,individual,male,1996
Brett Young,group,,
Kacey Musgraves,individual,female,1988
Ruth B.,individual,female,1995
Trey Songz,individual,male,1984
Mon Laferte,individual,female,1983
keshi,group,,
Charli XCX,individual,female,1992
Canserbero,individual,male,1988
OFFICIAL HIGE DANDISM,group,,2012
Deorro,individual,male,1991
Skillet,group,,
Saweetie,individual,female,1993
Pamungkas,individual,male,1993
Anirudh Ravichander,individual,female,1990
Yung Gravy,individual,male,1996
David Bisbal,individual,male,1979
Alex Rose,group,,
Alan Menken,individual,male,1949
Dustin Lynch,individual,female,1985
Noah Kahan,individual,male,1997
Kings of Leon,group,,1999
Manuel Medrano,individual,male,1987
El Alfa,individual,male,1990
The Killers,group,,2001
The Score,group,,
Julia Michaels,individual,female,1993
Quinn XCII,,,
NATTI NATASHA,individual,female,1986
Zac Brown Band,group,,
Lil Pump,individual,male,2000
Hillsong Worship,group,,1983
Brett Eldredge,individual,male,1986
Tyler Childers,individual,male,1991
Russell Dickerson,individual,female,1987
Jung Kook,individual,female,1997
Los Plebes del Rancho de Ariel Camacho,,,
Tones And I,individual,female,2019
VIZE,group,,2022
KYLE,group,,
SEVENTEEN,group,,
Kevin Kaarl,individual,male,2000
j-hope,individual,male,1994
Cavetown,individual,male,1998
Slipknot,group,,
Iggy Azalea,individual,female,1990
Don Toliver,individual,male,1994
French Montana,individual,male,1984
The Head And The Heart,,,
Internet Money,group,,
BoyWithUke,,,
Chris Young,group,,
Alejandro Sanz,individual,male,1968
IVE,group,,
Britney Spears,individual,female,1981
Of Monsters and Men,group,,2010
Olly Murs,individual,male,1984
Zack Tabudlo,individual,male,2001
Carla Morrison,individual,male,1986
Purple Disco Machine,individual,male,1980
Zoé,group,,
Sleepy Hallow,individual,male,1999
(G)I-DLE,,,
will.i.am,individual,male,1975
Wale,group,,
Chief Keef,individual,male,1995
PEDRO SAMPAIO,individual,male,1997
Jennifer Lopez,individual,female,1969
Paramore,group,,2004
Justin Timberlake,individual,male,1981
Milky Chance,group,,2013
Avril Lavigne,individual,female,1984
Ben Howard,individual,male,1986
Lil Durk,individual,male,1992
Dierks Bentley,individual,male,1975
DENNIS,group,,
Night Lovell,individual,male,1997
AURORA,group,,
Rudimental,group,,2013
Oh Wonder,group,,2014
Camila,group,,
Tove Lo,individual,female,1987
YBN Nahmir,,,
Hans Zimmer,individual,female,1957
Phoebe Bridgers,individual,female,1994
MC Kevin o Chris,,,
Alabama Shakes,group,,2009
Grupo Frontera,group,,2019
BØRNS,individual,male,1992
KALEO,group,,
Zion & Lennox,group,,2004
Young the Giant,group,,2004
X Ambassadors,group,,2015
Marc Anthony,individual,male,1968
Tay-K,individual,male,2000
League of Legends,group,,2009
Nicki Nicole,individual,female,2000
Wesley Safadão,individual,male,1988
BLANCO,group,,
Rammstein,group,,1994
Still Woozy,individual,male,1992
Kelsea Ballerini,individual,female,1993
Freddie Dredd,individual,female,1997
Jaymes Young,individual,male,1991
CRO,group,,
King Von,individual,female,1994
Bailey Zimmerman,individual,male,2000
Indila,individual,female,1984
Billy Currington,individual,male,1973
Sam Feldt,individual,male,1993
AP Dhillon,,,
Calle 13,group,,
León Larregui,,,
Macklemore,individual,male,1983
Oliver Tree,individual,male,1993
Jimin,individual,male,1995
Mike WiLL Made-It,individual,female,1989
Key Glock,individual,male,1997
Martin Solveig,individual,male,1976
BONES,group,,
Jason Mraz,individual,male,1977
Maren Morris,individual,female,1990
BROCKHAMPTON,group,,
ODESZA,group,,2012
Brytiago,individual,male,1992
Tom Odell,individual,male,1990
Passenger,group,,
TV Girl,,,
Hugo & Guilherme,,,
Stormzy,individual,male,1993
Natalia Lafourcade,individual,female,1984
The Game,group,,
Carly Rae Jepsen,individual,female,1985
Aitana,group,,
Damso,individual,male,1992
Daya,group,,
Phillipa Soo,individual,female,1990
Soolking,individual,male,1989
Aminé,individual,male,1994
CKay,,,
Eslabon Armado,group,,2017
Jake Owen,individual,male,1981
Lukas Graham,group,,2012
Ice Spice,individual,female,2000
Yuridia,individual,female,1986
Kodaline,group,,2012
Calum Scott,individual,male,1988
Fiersa Besari,individual,male,1984
Jack Ü,group,,2013
Wallows,group,,2017
Dilsinho,individual,male,1992
Falling In Reverse,group,,2008
Two Feet,individual,male,1993
MadeinTYO,,,
Vigiland,group,,2013
Pink Sweat$,individual,male,1992
K/DA,,,
Louis Tomlinson,individual,male,1991
Boy Wonder CF,,,
Mustard,group,,
Volbeat,group,,2001
Two Door Cinema Club,group,,2007
MAX,group,,
Santa Fe Klan,individual,female,
João Gomes,group,,
Dominic Fike,individual,male,1995
Bo Burnham,individual,male,1990
1nonly,,,
Montell Fish,,,
Lil Mosey,individual,male,2002
Agust D,individual,male,2016
Christina Perri,individual,female,1986
La Arrolladora Banda El Limón De Rene Camacho,,,
Cody Johnson,individual,male,1987
Steve Aoki,individual,female,1977
Joey Bada$$,individual,male,1995
Armin van Buuren,individual,male,1976
Ghost,group,,
YG,group,,
JVKE,individual,male,2001
Kelly Clarkson,individual,female,1982
Keith Urban,individual,male,1967
Liam Payne,individual,male,1993
Río Roma,individual,male,1981
Axwell /\ Ingrosso,group,,2014
Cosculluela,individual,male,1980
Offset,group,,
Lady A,group,,2020
Chase Rice,individual,male,1985
PnB Rock,individual,male,1991
Tainy,individual,male,1989
JACKBOYS,individual,female,2019
The Living Tombstone,group,,2011
SYML,,,
Tori Kelly,individual,female,1992
Whethan,individual,male,1999
T-Pain,individual,male,1984
Fergie,group,,
RADWIMPS,group,,2003
Matoma,individual,male,1991
Rich The Kid,individual,male,1992
Tayc,individual,male,1996
Leon Bridges,individual,male,1989
Pierce The Veil,group,,2006
Ado,group,,
Ed Maverick,individual,male,2001
Jay Rock,individual,male,1985
Felipe Araújo,,,
Sofía Reyes,individual,female,1995
Disturbed,group,,
CORPSE,group,,
Matisse,group,,1869
Sara Bareilles,individual,female,1979
WILLOW,group,,
Yuuri,group,,
Imanbek,individual,male,2000
Rick Ross,individual,male,1976
Wizkid,individual,male,1990
Riton,group,,
Ezhel,individual,male,1991
RAF Camora,,,
Emeli Sandé,individual,female,1987
Juan Gabriel,individual,male,1950
T.I.,individual,male,1980
Snakehips,group,,
Melendi,individual,male,1979
Aloe Blacc,individual,male,1979
Kina,group,,
Vaundy,individual,male,2019
Quality Control,group,,
David Kushner,group,,
Banda Los Recoditos,group,,1989
Olivia O'Brien,individual,female,1999
KayBlack,,,
MØ,individual,female,1988
Christopher Jackson,group,,
Nelly,individual,male,1974
Alvaro Soler,individual,male,1991
Miranda Lambert,individual,female,1983
"Tito ""El Bambino""",individual,male,1981
Juanes,group,,1972
Sachin-Jigar,group,,2018
Seeb,group,,2020
Mike Perry,group,,
Martin Jensen,group,,
Eli Young Band,group,,2002
Foo Fighters,group,,1994
Far East Movement,group,,2003
Astrid S,individual,female,1996
Beret,group,,
MK,group,,
Maiara & Maraisa,individual,female,1987
Fred again..,individual,male,1993
Luan Pereira,,,
Emilia,group,,
Rich Brian,individual,male,1999
Mimi Webb,individual,female,2000
Phil Collins,individual,male,1951
Kordhell,individual,male,1980
EDEN,group,,
Nardo Wick,individual,male,2001
M83,group,,
LMFAO,group,,
Ivan Cornejo,individual,male,2004
Sam Hunt,individual,male,1984
Dread Mar I,individual,male,1978
Angus & Julia Stone,group,,2006
Moneybagg Yo,individual,male,1991
Mc Livinho,,,
Masego,group,,
Selena Gomez & The Scene,group,,2008
Bryant Myers,individual,male,1998
Mari Fernandez,,,
Adie,group,,
Icona Pop,group,,2009
Jorja Smith,individual,female,1997
Kenshi Yonezu,individual,male,2009
fun.,group,,2008
Greeicy,individual,female,1992
MKTO,,,
Maggie Rogers,individual,female,1994
Bausa,group,,
Cashmere Cat,individual,male,1987
Bea Miller,individual,female,1999
ILLENIUM,individual,male,1990
Alina Baraz,individual,female,1993
MisterWives,group,,
Shouse,group,,
Wolfine,individual,female,1978
Lauren Daigle,individual,female,1991
Veigh,,,
JP Cooper,,,
Tom Walker,group,,
Clinton Kane,individual,male,2021
Chris Jedi,individual,female,1989
Eric Bellinger,individual,male,1984
Sofi Tukker,group,,2017
Beach Bunny,group,,
Lykke Li,individual,female,1986
Los Cadetes De Linares,,,
Rkomi,individual,male,1994
Phantogram,group,,
Rodney Atkins,individual,male,1969
Beach House,group,,2004
Klingande,individual,male,1990
Trueno,group,,
London Grammar,group,,2009
Fitz and The Tantrums,group,,2008
Queen,group,,
Quavo,group,,1991
Cochise,group,,1805
Dayglow,individual,female,1999
Remmy Valenzuela,individual,male,1990
SALES,group,,
Dreamville,individual,male,
Arthur Nery,individual,male,1996
Surfaces,group,,
Shoreline Mafia,group,,2017
Ana Castela,individual,female,2003
Hillsong UNITED,group,,1998
Chris Lane,individual,female,1984
Ruel,group,,
Michael Jackson,individual,male,1958
Shinedown,group,,2001
Rvfv,,,
Jay Wheeler,individual,male,1994
GIMS,individual,male,1986
Ariel Camacho y Los Plebes Del Rancho,,,
Capital Bra,individual,male,1994
Kenny Chesney,individual,male,1968
Fujii Kaze,individual,male,1997
Ashe,group,,
WALK THE MOON,group,,2006
Tinie Tempah,individual,male,1988
L7NNON,,,
Brantley Gilbert,individual,male,1985
Sub Urban,group,,
Juan Luis Guerra 4.40,,,
Boyce Avenue,group,,2011
Rema,group,,
Boza,group,,
Rainbow Kitten Surprise,group,,
Russ Millions,individual,male,1996
R3HAB,individual,female,1986
Luis R Conriquez,individual,female,2023
Three Days Grace,group,,1992
Duelo,group,,2000
Ricky Martin,individual,male,1971
NOTD,,,
Turma do Pagode,,,
Regard,group,,
Los Auténticos Decadentes,group,,1986
Sage The Gemini,individual,male,1992
Catfish and the Bottlemen,,,
Tiara Andini,individual,female,2001
Atif Aslam,individual,male,1983
Blueface,individual,male,1997
Bryce Vine,individual,male,1988
RÜFÜS DU SOL,group,,2010
Nipsey Hussle,individual,male,1985
BIGBANG,group,,
FINNEAS,individual,male,1997
Murilo Huff,,,
Yura Yunita,individual,female,1991
Sabaton,group,,
WOS,,,
TAEYANG,individual,male,1988
Nessa Barrett,individual,female,2002
Hindia,group,,
Ashnikko,individual,female,1996
Anna Kendrick,individual,female,1985
Eyedress,individual,male,1990
Los Gemelos De Sinaloa,,,
LUM!X,,,
Mabel,group,,
Tom Rosenthal,group,,
JEON SOMI,individual,female,2001
Mrs. GREEN APPLE,group,,2015
City Girls,group,,1994
LiSA,group,,
Ali Gatie,individual,male,1997
Little Big Town,group,,1998
Timmy Trumpet,individual,male,1982
Mark Ronson,individual,female,1975
The Strokes,group,,1998
Pesado,,,
Topic,group,,
Edwin Luna y La Trakalosa de Monterrey,,,
Tim McGraw,individual,male,1967
Marca MP,,,
Naps,group,,
Teto,group,,
Sachet Tandon,group,,2017
Grace VanderWaal,individual,female,2004
INTERWORLD,group,,2007
Dove Cameron,individual,female,1996
Gera MX,,,
Stephen Sanchez,individual,male,2002
Polo & Pan,group,,2021
Maggie Lindemann,individual,female,1998
Flo Milli,individual,female,2000
Fred De Palma,individual,male,1989
JP Saxe,,,
Loren Allred,individual,female,1989
ilyTOMMY,,,
SAINt JHN,individual,male,1986
Famous Dex,individual,male,1993
Lil Xan,individual,male,1996
Duncan Laurence,individual,male,1994
FIFTY FIFTY,group,,
Jessi,group,,
Vitor Fernandes,,,
Mc Jacaré,,,
Elton John,individual,male,1947
FLETCHER,group,,
Chino Pacas,individual,male,2007
LISA,group,,
Dennis Lloyd,individual,male,1993
Rag'n'Bone Man,,,
Drax Project,group,,2014
Loud Luxury,group,,2017
GAYLE,group,,
Riley Green,group,,
DVRST,,,
Vegedream,individual,male,1992
Sam Fischer,individual,male,1991
Los Dos Carnales,,,
Darell,group,,
Ir Sais,,,
Lovejoy,group,,1986
Standly,,,
Gavin James,group,,
Young Stoner Life,individual,female,2016
Yo Gotti,individual,male,1981
Virlan Garcia,,,
YUNGBLUD,individual,male,1997
Luude,individual,male,2021
Polo Gonzalez,,,
Orochi,group,,
ArrDee,individual,male,2002
JBEE,,,
Elevation Worship,group,,2007
Cafuné,group,,2014
Nea,group,,
HARDY,group,,
A$AP Mob,,,
EDIS,group,,
Stefflon Don,individual,female,1991
AJ Tracey,,,
Matheus Fernandes,individual,male,1998
A R I Z O N A,group,,2017
Tash Sultana,group,,1995
BENEE,individual,female,2000
Sidhu Moose Wala,individual,male,1993
Mahmood,group,,
Grupo Los de la O,,,
K-391,individual,male,1994
Residente,individual,male,1978
Sueco,individual,male,1997
Omah Lay,individual,male,1997
Hilltop Hoods,group,,1996
Los 2 de la S,,,
RAYE,individual,female,1997
Becky Hill,individual,female,1994
Hivi!,,,
Nathan Evans,group,,
Blessd,individual,male,2000
Big One,group,,
Filipe Ret,,,
Normani,individual,female,1996
Bad Gyal,individual,female,1997
AnnenMayKantereit,,,
Carlos Baute,individual,male,1974
Iron & Wine,group,,1974
New West,group,,1998
Green Neon DJ,,,
Simone & Simaria,individual,female,1984
ROSÉ,group,,
Lil Mabu,individual,male,2005
Lainey Wilson,individual,female,1992
Isaiah Rashad,individual,male,1991
Benson Boone,individual,male,2002
Rosa Linn,individual,female,2000
Ulices Chaidez,,,
Metallica,group,,1981
d4vd,,,
MC Du Black,,,
Young Miko,individual,female,1997
Jessie Murph,individual,female,2021
Latto,individual,female,1998
Fireboy DML,,,
Gabby Barrett,individual,female,2000
blink-182,group,,1992
Lola Indigo,individual,female,1992
Ke Personajes,,,
Nacho,group,,
Lele Pons,individual,female,1996
beabadoobee,individual,female,2000
KK,group,,
Comethazine,individual,male,1998
Guaynaa,individual,male,1992
Jacquees,individual,male,1994
Bonez MC,,,
Norah Jones,individual,female,1979
Headie One,individual,male,1994
Ina Wroldsen,individual,female,1984
Dadju,group,,1991
MC Hariel,,,
Aldo Trujillo,,,
Pashanim,individual,male,2000
Mc Paiva ZS,,,
De La Ghetto,individual,male,1984
boy pablo,individual,female,2017
Luísa Sonza,individual,female,1998
Papa Roach,group,,1993
Coez,individual,male,1983
Lyodra,individual,female,2003
Yahritza Y Su Esencia,,,
Tesher,individual,male,2020
Oscar Maydon,,,
La Santa Grifa,,,
Zoe Wees,individual,female,2002
James Hype,individual,male,1989
JIN,group,,
Only The Family,group,,2010
mansionz,group,,2017
NMIXX,group,,2022
SHAED,group,,2018
Lauana Prado,,,
Ansel Elgort,individual,male,1994
Pascal Letoublon,,,
T3R Elemento,,,
Tyler Hubbard,group,,1987
Tyla Yaweh,individual,male,1995
King,group,,
KIDS SEE GHOSTS,group,,2018
Sasha Alex Sloan,individual,female,1995
Money Man,individual,male,1986
Pedro Capó,individual,male,1980
SHAUN,group,,
KEVIN ROLDAN,individual,male,1994
Felipe Amorim,individual,female,1991
Bellakath,individual,female,1997
$NOT,,,
Flipp Dinero,individual,male,1995
JENNIE,group,,
Fabio Asher,,,
Parmalee,group,,2786
FISHER,group,,
347aidan,,,
Dynoro,individual,male,1999
Bankrol Hayden,individual,male,
A1 x J1,,,
IZA,group,,
Ovy On The Drums,,,
Luciano,group,,
Isabel LaRosa,individual,female,2004
WIU,,,
Grupo Menos É Mais,,,
NCT 127,,,
Adriel Favela,,,
Arizona Zervas,individual,male,1995
Bhad Bhabie,individual,female,2003
ZAAC,,,
Serhat Durmus,individual,male,1998
Bruno & Marrone,group,,1988
Nadin Amizah,,,
DJ Luian,,,
Micro TDH,,,
Lenin Ramírez,,,
Sufjan Stevens,individual,male,1975
salem ilese,individual,female,1999
Semicenk,,,
NCT DREAM,,,
Melim,group,,2016
Aimyon,individual,female,1995
Super Yei,,,
Tai Verdes,individual,male,1995
OBOY,group,,
Feby Putri,,,
Young Nudy,individual,male,1992
Lazza,individual,male,1994
HONNE,group,,
Lost Sky,,,
Güneş,group,,
Lauren Spencer Smith,individual,female,2003
Ingrid Andress,individual,female,1991
Tion Wayne,individual,male,1993
PRETTYMUCH,group,,2016
N.E.R.D,group,,1999
Sam Tinnesz,individual,female,2020
El Jordan 23,,,
Nathan Dawe,individual,male,1994
RM,group,,
Jack Stauber,individual,male,1996
Tee Grizzley,individual,male,1994
Código FN,,,
MC Fioti,,,
Ana Mena,individual,female,1997
Bruno Major,individual,male,1988
Lalo Ebratt,individual,male,1993
Jaden,group,,
Freya Ridings,individual,female,1994
Øneheart,group,,2021
Paloma Mami,individual,female,1999
Hungria Hip Hop,individual,male,1991
Vicke Blanka,,,
Abraham Mateo,individual,male,1998
DUSTY LOCANE,individual,male,1999
Leo Santana,individual,female,1988
Louis Armstrong,group,,1901
Miksu / Macloud,,,
December Avenue,group,,
Yng Lvcas,individual,male,1999
Dimitri Vegas & Like Mike,group,,2015
AJ Mitchell,,,
IV Of Spades,,,
Walker Hayes,individual,male,1979
Lasso,group,,
Sheff G,individual,male,1998
Huncho Jack,group,,2017
Tarcísio do Acordeon,,,
Hotel Ugly,group,,2020
Anson Seabra,,,
EVERGLOW,group,,2019
MC Rogerinho,,,
Jessie Reyez,individual,female,1991
Polimá Westcoast,individual,male,1997
Trevor Daniel,group,,
Rocco Hunt,individual,male,1994
PNAU,group,,2016
Surf Curse,group,,2012
Amenazzy,individual,male,1995
Summer Cem,individual,female,1983
Eden Muñoz,individual,male,1990
Mike Bahía,individual,male,1987
Cordae,individual,male,1997
Dylan Scott,individual,male,1990
Jawsh 685,individual,male,2002
Lennon Stella,individual,female,1999
Timmies,group,,2023
JID,individual,male,1990
Josh A,,,
Gracie Abrams,individual,female,1999
J Hus,individual,male,1996
Bon Iver,group,,2006
Ne-Yo,individual,male,1979
Naughty Boy,individual,male,1981
Joey Montana,individual,male,1982
Echosmith,group,,2009
Neon Trees,group,,2008
Cults,group,,
Grimes,individual,female,1988
GROUPLOVE,group,,2009
Justine Skye,individual,female,1995
Arcade Fire,group,,2001
American Authors,group,,
Skepta,individual,male,1982
The Wanted,group,,2009
The Paper Kites,group,,2009
Duke Dumont,individual,male,1981
The Naked And Famous,group,,2007
Josh Turner,individual,male,1977
Nico & Vinz,group,,2010
J Alvarez,individual,male,1983
Sido,group,,
Saint Motel,group,,
Ludacris,individual,male,1977
Dizzee Rascal,individual,male,1984
Lucenzo,individual,male,1983
Azealia Banks,individual,female,1991
August Alsina,individual,male,1992
Linked Horizon,group,,
Charly Black,individual,male,1980
Mura Masa,individual,male,1996
Thundercat,group,,
Roar,group,,
ZHU,group,,
White Noise Baby Sleep,,,
Gym Class Heroes,group,,1997
CeeLo Green,individual,male,1975
MAGIC!,group,,2012
Capital Cities,group,,
Hippie Sabotage,group,,2005
A Great Big World,group,,2013
Pepe Aguilar,individual,male,1968
DeJ Loaf,individual,female,1991
Snoop Dogg,individual,female,1971
Sticky Fingers,group,,1971
Bridgit Mendler,individual,female,1992
Ella Henderson,individual,female,1996
Elle King,individual,female,1989
Highly Suspect,group,,2015
Cultura Profética,group,,1996
Kiiara,individual,female,1995
Phillip Phillips,individual,female,1990
Tech N9ne,,,
RY X,individual,male,1988
PSY,individual,male,1977
Cash Cash,group,,
Dr. Dre,group,,1965
TheFatRat,,,
SAYGRACE,individual,female,1997
Roy Woods,individual,male,1996
Matt Simons,individual,male,1987
Alicia Keys,individual,female,1981
Neck Deep,group,,2012
Macklemore & Ryan Lewis,group,,2009
James Blake,group,,
Conjunto Primavera,group,,1990
Bad Meets Evil,group,,1998
Hunter Hayes,individual,male,1991
Ray Charles,individual,male,1930
DVBBS,group,,2012
Mi Banda El Mexicano,,,
Ciara,individual,female,1985
Foals,individual,female,
Nelly Furtado,individual,female,1978
Banda Tierra Sagrada,,,
Thousand Foot Krutch,group,,1995
Daughter,group,,
Banda El Recodo,group,,2001
Seafret,group,,2011
James Vincent McMorrow,,,
Klangkarussell,group,,2011
Gente De Zona,group,,2014
Muse,group,,
Godsmack,group,,1995
Empire of the Sun,group,,
The Internet,group,,
Fuego,group,,
Yellow Claw,group,,
Jain,group,,
Original Broadway Cast of Hamilton,,,
Bunbury,group,,
The Kooks,group,,2004
Maejor,individual,female,1988
Sigma,group,,
Pentatonix,group,,
Marc E. Bassy,individual,male,2014
Denzel Curry,individual,male,1995
Jósean Log,individual,male,1988
A Day To Remember,group,,2003
MC Kevinho,,,
Benjamin Francis Leftwich,individual,male,1989
NEIKED,group,,
Colbie Caillat,individual,female,1985
Brothers Osborne,group,,2012
Vampire Weekend,group,,2006
I Prevail,group,,2013
GoldLink,individual,male,1993
Franco De Vita,individual,male,1954
Taio Cruz,individual,male,1980
Michael Schulte,group,,
K CAMP,individual,male,1990
Bleachers,group,,
O.T. Genasis,individual,male,1987
Carrie Underwood,individual,female,1983
Michael Kiwanuka,individual,male,1987
Young M.A,individual,female,1992
Victorious Cast,,,
Parov Stelar,individual,male,1974
Flight Facilities,group,,2009
Joan Sebastian,individual,male,1951
Tungevaag,individual,female,1993
Bob Marley & The Wailers,group,,1963
Crystal Castles,group,,2006
Hoodie Allen,individual,male,1988
Vicetone,group,,1992
DJ Antoine,,,
Bakermat,individual,male,1991
Theory of a Deadman,group,,1999
Fat Joe,individual,male,1970
BANKS,group,,
David Nail,individual,male,1979
Desiigner,individual,male,1997
Chino & Nacho,group,,1984
Mr. Probz,individual,male,1984
Royal Blood,group,,
Chayanne,individual,male,
John Lennon,individual,male,1940
Kylie Minogue,individual,female,1968
Billy Ocean,individual,male,1950
Austin Mahone,individual,female,1996
Mike Posner,individual,male,1988
OMI,group,,
Los Bukis,individual,female,1973
Waka Flocka Flame,individual,male,1986
The Oh Hellos,group,,2011
Jamie xx,,,
The xx,,,
Bahamas,group,,
Natiruts,group,,1996
Jasmine Thompson,individual,female,2000
Queens of the Stone Age,group,,1996
Chris Tomlin,individual,male,1972
Renée Elise Goldsberry,individual,female,1971
Vacations,group,,
Yelawolf,individual,male,1979
Otto Knows,individual,male,1989
Sebastian Ingrosso,individual,male,1983
Ricky Montgomery,individual,male,1993
Rachel Platten,individual,female,1981
Rochy RD,,,
LAGOS,group,,2015
zzoilo,individual,male,2020
Sleeping With Sirens,group,,2009
Matt Sassari,,,
Ingratax,individual,female,2000
Alex Clare,individual,female,1985
GFRIEND,group,,2015
Olamide,individual,male,1989
Majestic,group,,
Mareux,individual,male,1992
James Morrison,group,,
Irama,group,,
The Lonely Island,group,,2001
ATB,individual,male,1973
Aventura,group,,
Rise Against,group,,1999
bbno$,individual,male,1995
Bella Poarch,individual,female,1997
The Rare Occasions,group,,2012
Simple Plan,group,,1999
Los Legendarios,group,,2008
Technotronic,group,,1987
Amaarae,individual,female,1994
Jamie Miller,group,,
ACRAZE,group,,2006
Marc Seguí,,,
Benny Benassi,individual,male,1967
The Drifters,group,,1953
Hollywood Undead,group,,2005
Vierra,group,,
Tom Grennan,individual,male,1995
Los Caligaris,,,
Gabry Ponte,group,,1973
Nevada,group,,
Tanishk Bagchi,individual,female,1980
SoulChef,,,
Los Del Limit,,,
Lucky Daye,individual,male,1985
Katharine McPhee,individual,female,1984
Jossef,,,
DJ Matt D,,,
Kaito Shoma,,,
The Chicks,group,,1995
MC Zaquin,,,
Mahalini,individual,female,2000
Öwnboss,group,,2022
Ryan Hurd,individual,male,1986
Frédéric Chopin,individual,male,1810
Weeekly,group,,2020
42 Dugg,individual,male,1994
Raí Saia Rodada,,,
Chlöe,group,,
Duck Sauce,group,,2009
Gotye,individual,male,1980
Mc Poze do Rodo,,,
MYA,group,,
DMNDS,,,
Skylar Grey,individual,female,1986
SEB,group,,
Smiley,group,,1950
SwitchOTR,,,
Malu,group,,
Mc Anjim,,,
Randy,group,,
KSI,individual,female,1993
Harrdy Sandhu,individual,male,1986
Ricky Rich,individual,female,2018
Avine Vinny,,,
The Sugarhill Gang,group,,1979
ASTN,group,,
MC Cabelinho,,,
Paulo Pires,individual,male,1967
D-Block Europe,group,,2014
Fernando & Sorocaba,group,,
Ezekiel,individual,male,
Leo Rizzi,,,
Spice,group,,
Rusherking,,,
Alvaro Diaz,group,,
Emmy Meli,individual,female,2021
Ricardo Arjona,individual,male,1964
Hensonn,,,
Scorpions,group,,
The Drums,group,,2016
PlayaPhonk,,,
Sarah Cothran,individual,female,2002
JNR CHOI,individual,male,1999
Michel Teló,individual,male,1981
Metronomy,group,,1999
LeeHi,,,
George Henrique & Rodrigo,,,
Cher Lloyd,individual,female,1993
Cobra Starship,group,,2005
Nickelback,group,,1995
Gavin DeGraw,individual,male,1977
Kelly Rowland,individual,female,1981
Ángela Aguilar,individual,female,2003
Shane Codd,individual,male,1997
BANDIDO,group,,
DEKKO,group,,2011
Tayrone,,,
Sam Fender,individual,male,1994
Rebzyyx,,,
ERNEST,group,,
Aimer,individual,female,2011
RealestK,individual,male,2004
Tammi Terrell,individual,female,1945
Kxllswxtch,individual,male,1999
vaultboy,group,,1997
AWOLNATION,group,,2010
Chani Nattan,,,
siouxxie sixxsta,,,
Dímelo Flow,group,,
Alexandra Stan,individual,female,1989
KSLV Noh,,,
Egzod,group,,2017
StarBoi3,individual,male,2019
Rei 6,,,
Tevvez,,,
Álvaro De Luna,,,
Millonario & W. Corona,,,
JVLA,,,
Sista Prod,,,
Migrantes,,,
VINAI,group,,2011
GANGGA,group,,
Vicentico,individual,male,1964
Juicy Luicy,,,
Madrigal,group,,1600
Studio Killers,group,,
13 Organisé,individual,male,2020
Kip Moore,individual,female,1980
Claire Rosinkranz,individual,female,2004
Milly,group,,
Maverick Sabre,individual,male,1990
Stellar,group,,
HWASA,individual,female,1995
Up Dharma Down,group,,2004
SyKo,,,
Fousheé,individual,female,1994
Harry Nach,,,
Los Elegantes de Jerez,,,
Khruangbin,group,,2015
DJ Nelson,,,
Yung Bleu,individual,male,1994
Tommy Boysen,,,
Aitch,group,,
Lyanno,individual,male,1995
Octavian,individual,male,
carolesdaughter,,,
Conkarah,group,,2019
Carly Pearce,individual,female,1990
SR,group,,
Bingo Players,group,,2013
Victor Leksell,individual,male,1997
Wilbur Soot,individual,male,1996
All Time Low,group,,2003
Yasser Desai,individual,male,1989
MASN,,,
Lil Eazzyy,,,
NOBITA,group,,
WEEDMANE,,,
RØNIN,,,
Justin Morales,,,
Aditya A,,,
Curtis Waters,individual,male,1999
Paul Woolford,group,,
No Te Va Gustar,group,,1994
Jerry Di,,,
Famy,group,,2020
Timati,individual,male,1983
Coyote Theory,,,
HVME,individual,male,2016
Alexander 23,individual,male,1995
The Ronettes,group,,1961
THE ANXIETY,group,,2020
Ritt Momney,individual,male,1999
StaySolidRocky,,,
Black Veil Brides,group,,2006
CJ,group,,
THE SCOTTS,group,,2020
Elley Duhé,individual,female,1992
Secondhand Serenade,group,,1982
Elvis Costello,individual,male,1954
Powfu,individual,male,1999
CHUNG HA,individual,female,1996
thasup,individual,male,2001
Little Simz,individual,female,1994
DripReport,,,
Loreen,individual,female,1983
Stone Sour,group,,1992
G Herbo,individual,male,1995
DDG,,,
Darlene Love,individual,female,1941
Travis Porter,group,,2010
Sara Kays,,,
JAWNY,individual,male,1995
Gajendra Verma,individual,male,1990
Edith Whiskers,individual,male,1986
Luar La L,individual,female,2018
twocolors,group,,1996
ElyOtto,,,
Pooh Shiesty,individual,male,1999
Vedo,,,
Eve,individual,female,
Chet Faker,individual,male,1988
Santigold,individual,female,1976
Robbie Williams,individual,male,1974
S1mba,,,
Halestorm,group,,1997
Blxst,individual,male,1992
For Revenge,,,
Lefty Sm,,,
2NE1,,,
Veronica Maggio,individual,female,1981
Eric Land,,,
Example,group,,
Gaho,individual,male,1997
Pusha T,individual,male,1977
Enjambre,,,
Leonel García,group,,2000
Trey Lewis,group,,
Sergi,group,,
Murda,group,,
Lil Xxel,,,
Kaleb J,,,
wave to earth,,,
Yolanda Be Cool,group,,2010
Kawe,group,,
Ernia,individual,male,1993
Evdeki Saat,,,
Marcell,group,,
Chico Rose,group,,
DJ Ivis,,,
Kim Dracula,group,,
Grupo Recluta,,,
Alex Turner,individual,male,1986
Montgomery Gentry,group,,1990
LA Vision,,,
Anıl Emre Daldal,,,
Emma Louise,individual,female,1991
Alberto Y Roberto,,,
Toby Keith,individual,male,1961
Blake Rose,,,
tobi lou,individual,male,1988
BIN,group,,
Because,group,,
Naza,group,,1975
Yves V,individual,male,2019
LIZOT,,,
ALI,group,,
Declan J Donovan,,,
The Vaccines,group,,2010
Mario Judah,individual,male,1999
Jonasu,individual,male,1990
Kirko Bangz,individual,male,1989
HIRAIDAI,,,
WhoHeem,,,
DMX,individual,male,1970
Shablo,,,
Xavier Rudd,individual,female,1978
ZICO,group,,
Leyla Blue,,,
Cat Burns,individual,female,2000
Guy Sebastian,individual,female,1981
Family of the Year,,,
Madism,,,
Marconi Union,group,,2003
Asaf Avidan,individual,male,1980
KAI,group,,
Ayushmann Khurrana,individual,male,1984
Passion Pit,group,,2007
George Strait,individual,male,1952
Grupo Ensamble,,,
Ken Carson,individual,male,2000
Niack,,,
Jowell & Randy,group,,1982
Chloe x Halle,group,,2012
SUPER-Hi,,,
DJ Scheme,,,
Papu DJ,,,
Royal & the Serpent,individual,female,1994
Juanfran,group,,
Will Paquin,,,
Jeeiph,,,
Arash Buana,,,
Erica Banks,individual,female,1998
Princess Nokia,individual,female,1992
Daði Freyr,individual,male,1992
yama,group,,
Douglas & Vinicius,,,
Kidd Keo,,,
Mavi Gri,,,
KitschKrieg,group,,
Dubdogz,,,
Faouzia,individual,female,2000
Westlife,group,,1998
Harnoor,,,
Tom Gregory,group,,
Jeezy,individual,male,1977
Crissin,,,
El Taiger,,,
Owl City,individual,male,2007
"Luis Angel ""El Flaco""",,,
Nate Dogg,individual,male,1969
Montez,group,,
Saucy Dog,,,
Andrew Belle,individual,male,
Alonzo,group,,
Jengi,,,
Mario G klau,,,
ATE,group,,
Duke & Jones,,,
Fivio Foreign,individual,male,1990
La Joaqui,individual,female,1994
OAFF,,,
ZODIVK,,,
Avvy Sra,,,
Tiakola,individual,male,1999
Whitney Houston,individual,female,1963
Gerardo Coronel,,,
Batas Senja,,,
Mc Don Juan,,,
Los Farmerz,,,
Breakbot,individual,female,1981
The Band Perry,group,,2009
Laddi Chahal,,,
Paulo e Nathan,,,
Tom Santa,,,
Lojay,individual,male,1996
Chris Lebron,,,
Izzamuzzic,individual,male,1991
Oscu,,,
Thalapathy Vijay,individual,female,1974
Kanishk Seth,individual,male,1997
ZEG P,,,
charlieonnafriday,individual,male,2003
Xantesha,,,
Supermode,group,,
Vicco,group,,2010
Lauri Garcia,,,
Gen Hoshino,individual,male,1981
MC K.K,,,
Mc Gabzin,,,
Mitraz,,,
Yago Oproprio,,,
Lvbel C5,,,
cakal,,,
Bryan Martin,individual,female,1918
SDM,,,
Codiciado,,,
SleazyWorld Go,,,
Paul Partohap,,,
DJ AK BR,,,
SHADXWBXRN,,,
MC Braz,,,
Leony,group,,1997
Gloria Groove,individual,male,1995
Pheelz,individual,male,1994
Mc Tato,,,
Jax,group,,
Julianno Sosa,,,
Stars Music Chile,,,
Stephen Dawes,,,
La Maquinaria Norteña,,,
Corey Kent,individual,male,1994
Dr. Dog,group,,
bôa,group,,1993
Disco Lines,,,
KUTE,group,,
Gazo,group,,
DJ Jeeh FDC,,,
Mohombi,individual,male,1986
Dylan Conrique,group,,2017
Aruma,group,,
MC Xenon,,,
Mert Demir,,,
Jaziel Avilez,,,
Cian Ducrot,group,,2022
Denise Julia,,,
Diddy,group,,
DJ Robin,,,
Dedublüman,,,
BIBI,group,,
Lumi Athena,,,
Ion Miles,,,
Ak4:20,,,
Felipe e Rodrigo,,,
Dilaw,group,,2021
SiM,group,,
Kelvin Jones,group,,
B.I,group,,
4*TOWN (From Disney and Pixar’s Turning Red),,,
Nina Chuba,individual,female,1998
Kadu Martins,,,
GOT the beat,,,
SCXR SOUL,,,
GloRilla,individual,female,1999
Robyn,individual,female,1979
Riar Saab,,,
Mau P,,,
Lupe Fiasco,individual,male,1982
Dj LK da Escócia,,,
venbee,individual,female,
Siddhartha,group,,
Otis Redding,individual,female,1941
Darshan Raval,individual,male,1994
Peter Fox,group,,
Alta Consigna,,,
Tito Double P,,,
ZWE1HVNDXR,,,
6YNTHMANE,,,
Käärijä,individual,female,1993
MC Caverinha,,,
Kanii,individual,male,2005
Bobby Pulido,individual,male,1971
Mc Pedrinho,,,
Xavi,individual,male,1980
Vulgo FK,,,
Naiara Azevedo,individual,female,1989
Teddy Swims,group,,2020
Vilen,group,,
anees,group,,
Alessandra,group,,
Oliver Anthony Music,individual,male,1991
Connor Price,individual,male,1994
Clayton & Romário,,,
SUICIDAL-IDOL,,,
S3BZS,,,
Gabito Ballesteros,individual,female,1999
AYLIVA,individual,male,2000
Intocable,group,,1990
Andmesh,,,
BUNT.,,,
Sam Barber,group,,1919
Jere Klein,,,
Belle Kaffer,,,
XG,group,,
"Sergio Vega ""El Shaka""",,,
Andrea Bocelli,individual,male,1958
Shania Twain,individual,female,1965
Ski Aggu,group,,2023
Tiziano Ferro,individual,male,1980
BLOK3,,,
AUR,group,,
Finesse,individual,male,
Conjunto Rienda Real,,,
Jazzy,group,,1920
Iniko,,,
Prabh Singh,,,
Davido,individual,male,1992
Nadhif Basalamah,,,
Patrick Watson,group,,
sped up 8282,,,
Ziva Magnolya,individual,female,2001
Michelle Maciel,,,
Simone Mendes,group,,1984
Sky Rompiendo,individual,female,1992
Sean Kingston,individual,male,1990
Tyla,group,,
LIT killah,individual,male,1999
cassö,,,
La Factoria,group,,2002
Peggy Gou,individual,female,1991
Calle 24,group,,2023
JISOO,individual,female,1995
AgroPlay,,,
Taiu,group,,2020
Kenya Grace,individual,female,2023
Olly Alexander (Years & Years),,,
Kavinsky,individual,male,1975
AVA,group,,
Zeynep Bastık,individual,female,1993
Higuchi Ai,,,
Liaze,,,
Dikshant,,,
Bruno & Denner,,,
Mae Stephens,individual,female,2003
Doechii,individual,female,1998
Jasleen Royal,individual,female,2022
BENNETT,group,,
Toosii,individual,male,2000
Brray,,,
Creeds,group,,
Trebol Clan,group,,2008
Ghea Indrawari,,,
Madhur Sharma,,,
Aziz Hedra,,,
Travie McCoy,,,
Alberto Vazquez,group,,
Dance Fruits Music,,,
Laufey,group,,
Unknown Mortal Orchestra,group,,2009
Saiko,group,,
K y B,,,
Rockwell,group,,
Jaden Hossler,individual,male,2001
Bibi Babydoll,,,
Udo Lindenberg,individual,male,1946
Kaliii,individual,female,2000
Alex Favela,,,
Bob Sinclar,individual,male,1969
ONIMXRU,,,
natori,group,,
11:11 Music Group,,,
VALORANT,group,,2019
Laura Les,individual,female,1994
TALK,group,,
Knucks,group,,
Jão,individual,male,1994
Rain Radio,individual,female,2021
Rhove,,,
Lola Amour,group,,2013
Awesome City Club,,,
Lupillo Rivera,individual,male,2010
Marina Sena,individual,female,1996
Daviles de Novelda,,,
Emir Can İğrek,individual,male,1993
KASIMIR1441,group,,
Hannah Montana,individual,female,2006
Pi’erre Bourne,,,
MACE,group,,
Rizky Febian,individual,male,1998
Los Lara,,,
Kay Flock,individual,male,2003
Dj Guuga,,,
Minelli,group,,
STAYC,,,
Soso Maness,individual,female,1987
Kenndog,,,
Foreign Teck,,,
Sidoka,,,
Whales,group,,
Jameson Rodgers,individual,female,1987
Brisa Star,,,
Koba LaD,individual,female,2000
Nej,group,,2011
ART,group,,
Plain White T's,,,
Chris Lorenzo,group,,1991
Dream,group,,
Alex Luna,group,,
Sheena Easton,individual,female,1959
Warren Zeiders,individual,male,2021
kostromin,group,,
Jenna Raine,,,
Misellia,,,
Def Leppard,group,,1976
Doode,,,
BIA,group,,
Wes Nelson,individual,male,1998
JESSIA,individual,female,2021
My Chemical Romance,group,,2000
grentperez,individual,male,
Badshah,group,,
Chayce Beckham,individual,male,1996
Sadie Jean,individual,female,2002
Joan Jett & the Blackhearts,individual,female,1958
LCD Soundsystem,group,,2002
back number,group,,2004
Toby Romeo,individual,male,2000
MC ORSEN,,,
Jelly Roll,group,,
Navos,group,,2021
Tokischa,individual,female,1996
Lloyd Banks,group,,1982
Niko Moon,individual,male,1982
Tani Yuuki,,,
Dhibu Ninan Thomas,individual,male,2017
Celeste,group,,
Vitor e Luan,,,
Madonna,individual,female,1958
Neoni,,,
Jubin Nautiyal,individual,male,1989
SXMPRA,,,
Tacabro,group,,1984
sangiovanni,individual,male,2003
Los Pericos,group,,1987
VTORNIK,,,
Can Koç,,,
Black Gryph0n,,,
1da Banton,individual,male,1994
Macaroni Empitsu,,,
B Praak,individual,male,1986
FLOW,group,,
Tito Torbellino Jr,,,
Morad,group,,
Arz,group,,
Edgardo Nuñez,,,
Sefo,individual,male,1998
Selena,individual,female,1971
Budi Doremi,,,
3OH!3,group,,
Sam Kim,individual,male,1998
Lyn Lapid,group,,2018
Sugarland,group,,2002
Ritviz,individual,male,1996
Punto40,,,
Khaled,group,,
DG e Batidão Stronda,,,
Jessé Aguiar,,,
Big Red Machine,group,,1970
Cean Jr.,,,
Chance Peña,,,
Victor Cibrian,,,
Stephanie Beatriz,individual,female,1981
raissa anggiani,,,
TREASURE,group,,1996
Benzz,,,
Gyptian,individual,male,1983
Kenia OS,individual,female,1999
Muni Long,individual,female,1988
MC MENOR HR,,,
Leah Kate,individual,female,1992
Tim Berg,group,,1989
PLAYAMANE,,,
MoonDeity,,,
Marco Antonio Solís,individual,male,1959
Stacey Ryan,individual,female,2022
yuji,group,,
Keisya Levronka,individual,female,2003
Bullet For My Valentine,group,,1998
g3ox_em,,,
Kaifi Khalil,individual,male,1996
Ari Abdul,,,
Zaz,group,,
KÖFN,,,
Superstar Pride,individual,male,2002
Nate Smith,group,,
Chefin,,,
MC Tairon,,,
Isolate.exe,,,
Kep1er,,,
BM,group,,
Ghostface Playa,,,
Megan Moroney,individual,female,1997
Sharn,group,,
SunKissed Lola,,,
Luck Ra,,,
southstar,group,,
Rei,group,,
Mother Mother,group,,2016
Beny Jr,,,
Pablito Pesadilla,,,
J Boog,individual,male,1983
imase,individual,male,2000
Awdella,,,
Yohani,individual,female,1993
NAYEON,individual,female,1995
Luis Mexia,,,
Suki Waterhouse,individual,female,1992
Gorilla Zoe,individual,male,1981
Big Time Rush,group,,2009
iñigo quintero,group,,2022
Coi Leray,individual,female,1997
Lizzy McAlpine,,,
ThxSoMch,,,
ONE OK ROCK,group,,2005
Libianca,individual,female,2000
Agnes Obel,individual,female,1980
Nicky Youre,individual,male,1999
Flux Pavilion,individual,male,1989
Bill Evans,group,,1929
Loona,group,,2022
Wet Leg,group,,2019
Griff,group,,
Larissa Lambert,,,
01099,group,,0109
Fedez,individual,male,1989
La Fiera de Ojinaga,,,
DJ Patrick Muniz,,,
SpotemGottem,,,
Ñengo Flow,individual,male,1981
Willie Colón,individual,male,1950
Men Without Hats,group,,1980
Jessica Darrow,individual,female,1995
TWISTED,group,,
La Pantera,individual,male,1964
Oxlade,group,,
El Chachito,,,
Raim Laode,,,
Cris Mj,,,
Omar Apollo,individual,male,1997
MUPP,,,
Eliza Rose,individual,female,1991
LF SYSTEM,,,
Dxrk ダーク,,,
Ayra Starr,individual,female,2002
Alejo,individual,male,1635
Em Beihold,individual,female,1999
Chiddy Bang,group,,2008
Armani White,individual,male,1996
Shae Gill,individual,female,1999
Anggi Marito,,,
LiL CaKe,,,
Keri Hilson,individual,female,1982
Pixote,group,,1980
Payal Dev,individual,female,
Lil Keed,individual,female,1998
Vince Staples,individual,male,1993
SUNMI,individual,female,1992
Vitor Kley,individual,male,1994
Dawin,individual,male,1990
Natalia Jiménez,individual,female,1981
Chris Janson,individual,female,1986
Cody Fry,individual,male,2006
Nico Segal,group,,1993
YFN Lucci,individual,male,1991
Banda Clave Nueva,,,
Xantos,,,
Yall,group,,
Welshly Arms,group,,2013
San Holo,individual,male,1990
Atitude 67,,,
LunchMoney Lewis,individual,male,1988
Smokepurpp,individual,male,1997
Grupo Arranke,,,
Lifehouse,group,,
Absofacto,group,,2008
Jidenna,individual,male,1985
Belly,group,,
SL,group,,
Bicep,group,,
Baby Rasta,group,,1994
Ella Eyre,individual,female,1994
Silvestre Dangond,individual,male,1980
Luke Christopher,individual,male,1993
A.R. Rahman,individual,male,1967
mike.,,,
Rich Homie Quan,individual,male,1989
Tez Cadey,individual,male,1993
Superfruit,group,,
Adam Lambert,individual,male,1982
Mac Ayres,group,,
RHODES,group,,
Kat Dahlia,individual,female,1990
Jamie Lawson,group,,
Cornelio Vega y su Dinastia,,,
Marvin Gaye,individual,male,1939
Pav Dharia,,,
T-Wayne,individual,male,1990
Brennan Savage,,,
Felipe Peláez,,,
Maite Perroni,individual,female,1983
The Revivalists,group,,2007
El Bebeto,,,
MoTrip,,,
Måns Zelmerlöw,individual,male,1986
Annie Lennox,individual,female,1954
Big Shaq,individual,male,1991
1Kilo,,,
Fleur East,individual,female,1987
Feder,group,,
HRVY,individual,female,1999
Jory Boy,group,,2003
Canaan Smith,individual,female,1982
lovelytheband,group,,2016
CamelPhat,,,
Coleman Hell,individual,male,1989
Ryn Weaver,individual,female,1992
Miike Snow,group,,2007
Alice Merton,individual,female,1993
Matt Maltese,individual,male,1997
K.Flay,individual,female,1985
Hayden James,individual,male,2020
Stephen,individual,male,
Jill Scott,group,,
Action Bronson,individual,male,1983
Unlike Pluto,individual,male,2018
Cam,group,,
Yoke Lore,individual,male,
Mario Bautista,individual,male,1993
BOL4,group,,2016
Gwen Stefani,individual,female,1969
Janji,group,,2010
Hollow Coves,group,,
Gigolo Y La Exce,,,
Jetta,group,,
Dirty Heads,group,,2008
Wes Walker,individual,male,1955
Raaban,group,,1987
THE ORAL CIGARETTES,group,,2010
MIIA,group,,
Rodrigo Amarante,individual,male,1976
Caravan Palace,group,,2008
Pastel Ghost,,,
RŮDE,,,
Richy Mitch & The Coal Miners,,,
The Wombats,group,,2003
Monsieur Periné,individual,female,
Redfoo,individual,male,1975
Nathaniel Rateliff & The Night Sweats,individual,male,1978
Madcon,group,,1992
Moon Taxi,group,,2006
Joseph Vincent,individual,female,1989
Nina Nesbitt,individual,female,1994
DISH//,,,
Fink,group,,
Missy & Blonde,,,
Nothing But Thieves,group,,2012
Gang of Youths,group,,2011
Will Sparks,individual,male,1993
"Osmani Garcia ""La Voz""",,,
HENRY,group,,
Mark Forster,group,,
Therapie TAXI,group,,2016
Smino,individual,male,1991
The Japanese House,individual,female,1995
Nimo,group,,
Gaab,group,,
Jason Isbell and the 400 Unit,,,
WINNER,group,,
Nico Santos,group,,
Alkilados,,,
UM44K,,,
Bryce Fox,,,
Richard Marx,individual,male,1963
Jerrod Niemann,individual,female,1979
Cartoon,group,,
Trailerpark,group,,
MGMT,group,,2002
Silk City,group,,
grandson,group,,
Sylvan Esso,group,,2013
Shaggy,group,,
Gorgon City,group,,2014
Future Islands,group,,2006
Dimitri Vegas,group,,2015
A2M,group,,
INNA,individual,female,1986
CAZZETTE,group,,2011
BlocBoy JB,,,
Andy Mineo,group,,1988
Sheck Wes,individual,male,1998
Secondcity,individual,male,1987
INXS,group,,1977
Underworld,group,,
The Civil Wars,group,,2008
John Williams,individual,male,1932
Axel Thesleff,individual,male,1991
Shane Filan,group,,1979
The Barr Brothers,group,,2006
Tribo da Periferia,,,
Vundabar,group,,2013
MC's Jhowzinho & Kadinho,,,
Pia Mia,individual,female,1996
Anna Clendening,individual,female,1993
Emmanuel,group,,
Santa Estilo,,,
Declan McKenna,,,
JAEHYUN,group,,
Ms Nina,group,,2012
DEAN,group,,
Chelsea Cutler,individual,female,1997
Pabllo Vittar,individual,male,1993
Niska,group,,
Morgan Evans,group,,
Haley Reinhart,individual,female,1990
Kalash,group,,
ALMA,group,,
Marcos Menchaca,,,
CARYS,group,,1900
Andra Day,individual,female,1984
Silentó,individual,male,1998
Sheppard,group,,
Finding Hope,,,
Sabrina Claudio,individual,female,1996
Demarco Flamenco,,,
The Blaze,group,,2018
SXTN,,,
Bizzey,group,,1985
Cecilia Krull,individual,female,1986
Yo Yo Honey Singh,individual,male,1983
Daoko,individual,female,1997
Caloncho,individual,male,1986
R. City,group,,2003
Gabriela Rocha,group,,
Petit Biscuit,individual,male,1999
Puri,group,,
Jacob Forever,,,
TAEYEON,individual,female,1989
Valentino,group,,
TOTO,group,,
Joel Adams,group,,1750
MC Gustta,,,
Ember Island,group,,
Charlie Cunningham,individual,male,1948
Ruelle,group,,
Alex Sensation,,,
SiR,group,,
Solange,individual,female,
Nathan Goshen,individual,male,1986
filous,individual,male,1997
Pepe Quintana,,,
FÄIS,,,
Conor Maynard,individual,male,1992
Fourtwnty,,,
gnash,group,,
Unknown Brain,group,,1955
CHEN,group,,
Starley,group,,
Shakey Graves,individual,male,1987
DRAM,group,,
Rob $tone,,,
Beach Weather,group,,2015
99 Souls,group,,2015
Hearts & Colors,group,,2014
Projota,,,
Baby Tate,group,,
FRENSHIP,group,,2016
Burak Yeter,individual,male,1982
Krept & Konan,individual,female,1990
Willy William,individual,male,1981
John Coltrane,individual,male,1926
Rachel House,group,,
Granger Smith,individual,male,1979
Daniela Andrade,individual,female,1992
Troy Ave,individual,male,1985
Local Natives,group,,2008
Ramin Djawadi,individual,male,1974
Saba,group,,
Andreas Gabalier,individual,male,1984
Lord Huron,group,,2012
Maty Noyes,individual,female,1997
DJ ESCO,,,
Rafaga,group,,1995
Marcus & Martinus,group,,2002
Christine and the Queens,individual,male,1988
Era Istrefi,individual,female,1994
VÉRITÉ,individual,female,1990
Bethel Music,group,,2001
BADBADNOTGOOD,group,,2010
Donovan Woods,group,,
Hermitude,group,,1994
MHD,,,
Henrique & Diego,,,
Crecer German,,,
Alexis y Fido,group,,2008
Last Child,group,,1976
Revol,group,,
Jalen Santoy,,,
Olivia Holt,individual,female,1997
Father John Misty,individual,male,1981
Vancouver Sleep Clinic,individual,female,2013
Marian Hill,group,,2014
Timeflies,group,,2010
Yandar & Yostin,,,
Thalia,group,,
Isaiah Firebrace,individual,male,1999
Imany,individual,female,1979
Møme,individual,female,1989
Ryan Gosling,individual,male,1980
Jon Z,individual,female,1991
Grupo Codiciado,,,
Christian Leave,individual,male,2000
Yiyo Sarante,,,
ItaloBrothers,,,
CHANYEOL,individual,male,1992
Bomba Estéreo,group,,2005
Opetaia Foa'i,,,
Porter Robinson,individual,male,1992
Auli'i Cravalho,,,
The Strumbellas,group,,2008
Klasico,,,
Justin Hurwitz,individual,male,1985
KAYTRANADA,individual,male,1992
Crush,group,,
The Struts,group,,2012
Anderson .Paak,individual,male,1986
Sin Bandera,group,,2000
Ugly God,individual,male,1996
IAmChino,,,
Ben Platt,individual,male,1993
Nebu Kiniza,individual,male,1994
Joy Again,group,,2014
Kent Jones,group,,
Ñejo & Dalmata,group,,1975
Niykee Heaton,individual,female,1994
Tujamo,individual,male,1988
Nathan Sykes,individual,male,1993
PLVTINUM,,,
Celia Cruz,individual,female,1925
50 Cent,individual,male,1975
Kurt Vile,individual,male,1980
MiyaGi & Endspiel,,,
MAKJ,group,,2012
Jay Park,individual,female,1987
Anna Naklab,individual,female,1993
LP,group,,
Keala Settle,individual,female,1975
BANNERS,group,,
Chord Overstreet,individual,male,1989
Leopanforte,,,
Joe Arroyo,individual,male,1955
Rubén Blades,individual,female,1948
Maribou State,group,,2015
Zac Efron,individual,male,1987
Green Day,group,,1987
Mobb Deep,group,,1991
Gustavo Cerati,group,,1959
Portugal. The Man,group,,2001
Wafia,individual,female,1993
Brandon Beal,individual,male,1983
Nekfeu,individual,male,1990
K.I.Z,group,,2018
CL,group,,
Daveed Diggs,individual,male,1982
Us The Duo,group,,2011
Jai Wolf,individual,male,1991
James Hersey,individual,male,1988
Marama,group,,
Eva Simons,individual,female,1984
Alfons,group,,
Tinlicker,group,,2012
Breaking Benjamin,group,,1999
Dzeko & Torres,group,,
El Komander,,,
Ayo & Teo,group,,2011
Ramz,group,,2006
TIAGO IORC,individual,male,1985
Carnage,group,,
Circa Waves,group,,2013
Bishop Briggs,individual,female,1992
Kontra K,individual,female,2017
Hayley Kiyoko,individual,female,1991
WSTRN,individual,female,2015
Preto no Branco,,,
Ben Rector,individual,female,1986
NBSPLV,,,
NEEDTOBREATHE,group,,2001
Pinkfong,group,,2023
DJ Drama,,,
Sertab Erener,individual,female,1964
Scarlett Johansson,individual,female,1984
BURNOUT SYNDROMES,group,,2005
Katie Melua,individual,female,1984
Kamaiyah,individual,female,1992
The Black Skirts,individual,male,1982
Lauren Alaina,individual,female,1994
Zella Day,individual,female,1995
Ricardo Montaner,individual,male,1957
Alexio,individual,male,1959
Eric Chou,individual,male,1995
Taburete,group,,
La Sonora Dinamita,group,,1960
Deftones,group,,1988
Van Morrison,individual,male,1945
Reykon,individual,male,1986
The Mayries,,,
Blonde,group,,
Griffinilla,,,
Lemaitre,group,,
SAMSONS,group,,2003
DOPE LEMON,individual,male,1986
Sak Noel,individual,male,1983
Dharius,group,,1984
Jay Sean,individual,male,1981
Jasmine Cephas-Jones,,,
Charlotte Day Wilson,individual,female,1993
Dreezy,individual,female,1994
Ayo Jay,individual,male,1989
Placebo,group,,
Walking On Cars,,,
Paulina Rubio,individual,female,1971
TheOvertunes,,,
Miami Yacine,,,
Alle Farben,individual,male,1985
Raça Negra,group,,1983
Mueka,,,
A.B. Quintanilla III Y Los Kumbia Kings,,,
Banda Neira,group,,
VIC MENSA,individual,male,1993
Jay Chou,individual,male,1979
Maleek Berry,individual,male,1987
Grupo Maximo Grado,,,
Izzy Bizu,individual,female,1994
PornoGraffitti,group,,1990
The PropheC,,,
Dustin Tebbutt,group,,2013
OMFG,group,,
King Princess,individual,female,1998
jagger finn,,,
Tom Petty,individual,male,1950
Faul & Wad,,,
Leona Lewis,individual,female,1985
Virgoun,,,
Akhil,group,,
SoFaygo,individual,male,2001
MAMAMOO,group,,
Beéle,,,
Jack & Jack,group,,2014
Vishal Mishra,group,,
James Blunt,individual,male,1974
Luh Kel,individual,male,2002
mxmtoon,individual,female,2000
Lucky Luke,individual,male,1946
Villagers,group,,
awfultune,,,
A-Wall,,,
The Backseat Lovers,group,,2018
TOKYO’S REVENGE,,,
Tommee Profitt,individual,male,1984
José González,group,,
Sevyn Streeter,individual,female,1986
Aaron May,,,
We The Kings,group,,2005
Rotimi,group,,
Kevin Abstract,individual,male,1996
Pk,group,,
John K,group,,
Lily Allen,individual,female,1985
Young T & Bugsey,group,,2016
Ghetto Kids,group,,2014
Heuss L'enfoiré,individual,male,1992
KEVVO,individual,male,1998
Tropkillaz,group,,2019
Yung Lean,individual,male,1996
Stephanie Poetri,individual,female,2000
Cigarettes After Sex,group,,2008
Woodkid,individual,male,1983
GIULIA BE,individual,female,1999
Sonder,group,,
Luíza & Maurílio,,,
Noriel,individual,male,
Jonas Esticado,,,
Juju,group,,
DaniLeigh,,,
Justin Wellington,individual,male,1978
Goose house,,,
The National,group,,
Kaash Paige,individual,female,2001
Liana Flores,,,
Imran Khan,individual,female,1952
SLANDER,group,,
Traviezoz de la Zierra,,,
Fly Project,group,,2005
HAIM,group,,
PUBLIC,group,,
Ace Hood,individual,male,1988
Rufus Wainwright,individual,female,1973
Julia Sheer,,,
Yot Club,individual,male,2022
Helene Fischer,individual,female,1984
Juicy J,group,,1975
Dropkick Murphys,group,,1996
Los Bunkers,group,,1999
The War On Drugs,group,,2005
Ministério Zoe,,,
What So Not,group,,
Wankelmut,individual,male,1987
Parra for Cuva,individual,male,1991
Natalie Taylor,group,,
Don Patricio,,,
Haze,group,,
Cody Simpson,individual,male,1997
Gloria Trevi,individual,female,1968
Zendaya,individual,female,1996
Endor,group,,
YK Osiris,,,
Jack Johnson,group,,
Ant Saunders,individual,female,2019
Nina Simone,individual,female,1933
iKON,group,,
Vierre Cloud,,,
Master KG,,,
Blanco Brown,individual,female,1985
Alligatoah,individual,male,1989
Wilkinson,group,,
Peach Tree Rascals,group,,
Bakar,group,,2011
CHVRCHES,group,,2011
Ylvis,group,,2000
Baby Rasta & Gringo,group,,1994
Paul Kalkbrenner,individual,male,1977
M.I.A.,group,,
ChocQuibTown,group,,
J.I the Prince of N.Y,,,
Easton Corbin,individual,male,1982
The Shins,group,,1996
Rhys Lewis,group,,
True Damage,group,,2009
Marracash,individual,male,2010
MIKA,group,,
WayV,group,,2023
Casa Worship,,,
Destiny Rogers,individual,female,1999
美波,,,
María José,group,,
Karmin,group,,2011
AVAION,,,
Ruben,group,,
Hot Shade,,,
Marteria,individual,male,1982
COIN,group,,
Atlas Genius,group,,2009
Dolu Kadehi Ters Tut,group,,2014
Grupo 360,,,
Los Retros,,,
Serena,group,,
Snoh Aalegra,individual,female,1987
salvia palth,,,
FKJ,,,
Calein,,,
Gambi,group,,
Neo Pistea,group,,2019
Lexa,group,,
Jul,group,,
Faithless,group,,1995
Oscar Peterson,group,,1925
Daun Jatuh,,,
In This Moment,group,,2005
2KBABY,,,
Jerome,individual,male,
LA YOUNG,,,
UPSAHL,individual,female,1998
Knife Party,group,,2013
Alan Silvestri,individual,male,1950
Sigrid,group,,
Benji & Fede,group,,2018
Omar Montes,individual,male,1988
YouNotUs,group,,2015
Gilsons,,,
Gradur,individual,male,1990
JayDaYoungan,individual,male,1998
GAMPER & DADONI,,,
Lil Loaded,individual,male,2000
Koffee,individual,female,2000
Die Antwoord,group,,2008
Rochak Kohli,group,,2012
Swae Lee,individual,male,1993
Gary Allan,individual,male,1967
C-Kan,individual,male,1987
Faye Webster,individual,female,1997
Hopsin,individual,male,1985
Soegi Bornean,,,
Robin Thicke,individual,male,1977
Pharmacist,group,,
Akhil Sachdeva,individual,male,2009
John Newman,group,,
Black Pumas,individual,male,2020
Parker McCollum,,,
Darius Rucker,individual,male,1966
Confetti,group,,
King Gnu,group,,2013
Cazzu,individual,female,1993
Ludovico Einaudi,individual,male,1955
Ilkay Sencan,,,
JR Torres,,,
Javiielo,,,
Ciro y los Persas,,,
Motionless In White,group,,2004
Dadá Boladão,,,
Ari Lennox,individual,female,1991
Warren G,individual,male,1970
Maximillian,group,,
Will Smith,individual,male,1968
Samra,group,,
JONY,group,,
FILV,,,
Wiley,group,,
Hardwell,individual,male,1988
Di Propósito,,,
Lindsey Stirling,individual,female,1986
Nanpa Básico,,,
Luke Chiang,,,
Cannons,group,,
Maffio,individual,male,1986
Armaan Malik,individual,male,1995
The Piano Guys,group,,2011
dhruv,group,,
Gabrielle Aplin,individual,female,1992
Gesaffelstein,individual,female,1987
Kenny Man,,,
Cold War Kids,group,,
ILOVEMAKONNEN,,,
The Avener,individual,male,1987
Blackway,group,,2015
El Profesor,group,,
SoMo,group,,
First Aid Kit,group,,
MarMar Oso,,,
Videoclub,group,,2018
Lagum,,,
Mitchell Tenpenny,individual,female,1989
KURT,group,,
Au/Ra,individual,female,2002
Louis The Child,,,
Rascal Flatts,group,,1999
Don Miguelo,individual,male,1981
Idina Menzel,individual,female,1971
Yannc,,,
Kwabs,individual,male,1990
Molchat Doma,group,,2017
KONGOS,group,,
Bas,group,,
Pendarra,,,
Javed-Mohsin,group,,
Darci,group,,
Alemán,group,,
Poo Bear,individual,male,2004
Kiesza,individual,female,1989
Anuv Jain,individual,male,
Natalie La Rose,individual,female,1988
MOMOLAND,group,,2016
Simge,group,,
Novo Amor,individual,male,1991
RL Grime,,,
Rich Gang,group,,1991
Oliver Heldens,individual,female,1995
TK from Ling tosite sigure,,,
Teyana Taylor,individual,female,1990
Seinabo Sey,individual,female,1990
KANA-BOON,group,,2008
Marwa Loud,individual,female,1996
Manu Pilas,,,
Queen Naija,individual,female,1995
Takeoff,group,,
Dillon Francis,individual,male,1987
Paula Fernandes,individual,female,1984
Philip George,group,,
Men I Trust,group,,2014
Kris Kross Amsterdam,group,,1990
Jawad Ahmad,individual,male,
MC L da Vinte,,,
Marlon Roudette,individual,male,2006
Witt Lowry,,,
Xavier Wulf,individual,male,1992
Cheriimoya,,,
Jungle,group,,
Magic System,group,,1996
80purppp,,,
Caos,group,,
Dayvi,,,
Shy Glizzy,individual,male,1992
flora cash,group,,2012
Jubël,group,,
Colt Ford,individual,male,1969
Los Tigres Del Norte,group,,1968
Social House,group,,2020
Calboy,individual,male,1999
Céline Dion,individual,female,1968
Payung Teduh,,,
Bad Wolves,group,,2017
Kyla La Grange,individual,female,1986
88rising,group,,
Chayín Rubio,,,
Jessie Ware,individual,female,1984
El Chapo De Sinaloa,individual,male,1964
Maddie & Tae,group,,2014
03 Greedo,individual,male,1987
Leslie Grace,individual,female,1995
Karen Harding,individual,female,1991
James Newton Howard,individual,male,1951
João Gustavo e Murilo,,,
Gaullin,,,
Trinidad Cardona,individual,male,1999
Nick Mulvey,individual,male,1984
Sofia Karlberg,individual,female,1996
LANCO,group,,
The Carters,group,,2018
Roo Panes,individual,female,1988
Everybody Loves an Outlaw,,,
AFROJACK,individual,male,1987
DJ Pablito,,,
El de La Guitarra,,,
Adam Levine,group,,1979
Big Yamo,,,
Julio Melgar,,,
MERO,group,,
NCT,group,,
Grupo Revelação,,,
Banx & Ranx,group,,2014
Capo Plaza,group,,2018
MC WM,,,
Smallpools,group,,2013
PDL,,,
Colmillo Norteño,,,
Bradley Cooper,individual,male,1975
Chris Lake,individual,male,1982
Magnus Haven,group,,
juan karlos,group,,2018
The Walters,group,,2014
Janelle Monáe,individual,female,1985
Clau,individual,female,1996
Parcels,group,,2014
Tessa Violet,group,,2014
Shordie Shordie,,,
Lilly Wood and The Prick,,,
Isak Danielson,individual,male,1997
Damas Gratis,group,,2000
The Prince Karma,group,,2018
Airbag,group,,
Surf Mesa,individual,female,2000
Earl Sweatshirt,individual,male,1994
Y2K,group,,
Rhye,group,,2013
Claptone,group,,
Escape the Fate,group,,2004
Mariah Carey,individual,female,1969
The Clash,group,,1976
Masked Wolf,individual,male,1991
Los Primos MX,,,
Ray LaMontagne,individual,female,1973
Pantera,group,,1981
Tristam,individual,male,
Elliot Moss,group,,2015
Daughtry,group,,
Silent Sanctuary,group,,2001
Nas,individual,male,1973
Lary Over,group,,2007
Ocean Alley,group,,
Heroes Del Silencio,group,,1980
Tom Misch,individual,male,1995
Lartiste,individual,male,1985
IZ*ONE,group,,
Cauty,individual,female,
RIN,group,,
Salmo,group,,
Vansire,group,,
Yüzyüzeyken Konuşuruz,group,,2011
Rauf & Faik,group,,1999
Young Money,individual,female,2005
Aaryan Shah,,,
Johnny Orlando,individual,male,2003
Sezairi,,,
Matt Maeson,individual,male,1993
Yorushika,group,,2017
Raymix,individual,male,1991
I Belong to the Zoo,,,
Route 94,group,,
The Fontane Sisters,group,,
Amber Run,group,,
G.R.L.,group,,
Devin Dawson,individual,male,1989
Tinashe,individual,female,1993
Peter Manos,,,
Angèle,group,,
Omarion,individual,male,1984
Bobby Shmurda,individual,male,1994
Lomepal,individual,male,1991
The Macarons Project,,,
Maninder Buttar,individual,male,2015
Hal,group,,
Márcia Fellipe,,,
GASHI,group,,
Aaron Smith,group,,
Mr.Kitty,individual,male,1992
Alex & Sierra,group,,1991
Thirty Seconds To Mars,group,,1998
Rixton,group,,2012
PENTAGON,group,,
Paloma Faith,individual,female,1981
Ozzy Osbourne,individual,male,1948
Noisestorm,individual,male,1995
Kany García,individual,female,1982
Nabález,,,
AronChupa,individual,male,1991
Kiana Ledé,individual,female,1997
MC Kekel,,,
Liberación,group,,
